City_ID,City,Lat,Lng,Max Temp,Humidity,Cloudiness,Wind Speed,Country,Date
0,iqaluit,63.7506,-68.5145,0.85,69,100,3.6,CA,1694961823
1,kindu,-2.95,25.95,29.82,51,100,2.43,CD,1694961823
2,flying fish cove,-10.4217,105.6791,23.82,83,40,5.14,CX,1694961586
3,grytviken,-54.2811,-36.5092,-1.03,97,100,5.07,GS,1694961823
4,kovin,44.7475,20.9761,26.61,47,3,7.94,RS,1694961824
5,adamstown,-25.066,-130.1015,18.77,66,100,5.96,PN,1694961824
6,banjarmasin,-3.3244,114.591,25.08,83,75,1.77,ID,1694961824
7,carnarvon,-24.8667,113.6333,19.08,78,88,11.91,AU,1694961824
8,valparaiso,-33.0393,-71.6273,17.22,65,75,7.72,CL,1694961587
9,waitangi,-43.9535,-176.5597,9.9,93,98,6.26,NZ,1694961824
10,kidal,18.4411,1.4078,39.83,16,27,3.45,ML,1694961824
11,kokopo,-4.352,152.2633,24.59,74,16,6.73,PG,1694961825
12,zag,46.9441,99.165,3.76,72,38,2.35,MN,1694961825
13,taroa,8.7058,171.2275,26.35,88,100,8.79,MH,1694961825
14,talnakh,69.4865,88.3972,3.45,72,100,3.2,RU,1694961551
15,vilyuchinsk,52.9306,158.4028,10.15,75,29,7.9,RU,1694961825
16,kruisfontein,-34.0033,24.7314,17.16,57,5,7.08,ZA,1694961826
17,olonkinbyen,70.9221,-8.7187,3.3,74,84,8.48,SJ,1694961827
18,palu,-0.8917,119.8707,24.69,96,93,1.17,ID,1694961616
19,las vegas,36.175,-115.1372,28.16,36,0,2.06,US,1694961827
20,tiksi,71.6872,128.8694,-0.37,90,99,3.84,RU,1694961827
21,tamanrasset,22.785,5.5228,34.95,10,0,2.06,DZ,1694961827
22,hithadhoo,-0.6,73.0833,28.14,78,62,7.19,MV,1694961827
23,utrik,11.2278,169.8474,28.64,81,100,9.49,MH,1694961827
24,anadyr,64.75,177.4833,-1.72,93,0,2.0,RU,1694961828
25,saipan,15.1355,145.701,27.39,94,40,3.09,MP,1694961799
26,badger,64.8,-147.5333,7.95,85,100,2.57,US,1694961828
27,longyearbyen,78.2186,15.6401,-1.09,80,100,3.09,SJ,1694961828
28,karapinar,37.716,33.5506,24.15,24,0,7.58,TR,1694961829
29,albany,42.6001,-73.9662,19.89,74,87,0.45,US,1694961829
30,huadian,42.9633,126.7478,16.67,89,20,0.7,CN,1694961829
31,qaqortoq,60.7167,-46.0333,4.15,41,0,1.61,GL,1694961830
32,yanam,16.7333,82.2167,27.5,78,100,1.84,IN,1694961830
33,rabigh,22.7986,39.0349,33.53,51,10,5.79,SA,1694961588
34,constantia,44.1833,28.65,22.61,58,98,5.63,RO,1694961678
35,lincheng,19.9078,109.6858,25.59,90,100,1.94,CN,1694961830
36,puerto natales,-51.7236,-72.4875,3.55,59,9,2.39,CL,1694961830
37,chernyshevskiy,63.0128,112.4714,1.46,68,100,6.18,RU,1694961831
38,uturoa,-16.7333,-151.4333,25.11,85,6,4.12,PF,1694961831
39,nchelenge,-9.3451,28.734,29.77,38,79,4.28,ZM,1694961831
40,kodiak,57.79,-152.4072,9.73,62,20,10.29,US,1694961831
41,papatowai,-46.5619,169.4708,6.51,85,97,10.96,NZ,1694961831
42,ribeira grande,38.5167,-28.7,23.22,49,20,3.09,PT,1694961831
43,ushuaia,-54.8,-68.3,0.81,75,75,7.2,AR,1694961568
44,pergamino,-33.89,-60.5736,16.77,46,67,8.99,AR,1694961832
45,enewetak,11.3474,162.3373,28.77,79,90,7.3,MH,1694961832
46,port mathurin,-19.6833,63.4167,22.95,77,18,9.78,MU,1694961832
47,new norfolk,-42.7826,147.0587,9.72,86,87,1.88,AU,1694961832
48,el calafate,-50.3408,-72.2768,0.19,69,9,2.04,AR,1694961832
49,guerrero negro,27.9769,-114.0611,20.37,75,85,7.46,MX,1694961833
50,port-aux-francais,-49.35,70.2167,5.69,96,100,14.84,TF,1694961630
51,horta,38.5333,-28.6333,22.8,57,20,3.09,PT,1694961833
52,russkaya polyana,49.417,31.9201,21.1,40,0,3.73,UA,1694961833
53,rozhdestvenskiy,43.8664,39.5839,17.76,65,0,1.19,RU,1694961834
54,san antonio de pale,-1.4014,5.6325,24.55,78,80,4.42,GQ,1694961834
55,coracora,-15.0333,-73.7833,15.63,22,94,2.69,PE,1694961834
56,sorong,-0.8833,131.25,25.94,84,100,5.84,ID,1694961834
57,boise,43.6135,-116.2035,19.84,34,0,3.09,US,1694961834
58,crane,31.3974,-102.3501,23.47,60,22,1.73,US,1694961835
59,melo,-32.3667,-54.1833,19.87,84,100,3.49,UY,1694961835
60,lorengau,-2.0226,147.2712,26.92,74,99,5.41,PG,1694961835
61,blackmans bay,-43.0167,147.3167,9.07,75,70,2.99,AU,1694961835
62,grand falls-windsor,48.9332,-55.6649,23.06,73,25,2.68,CA,1694961836
63,chibougamau,49.9168,-74.3659,15.79,82,75,2.57,CA,1694961836
64,saynshand,44.8824,110.1163,13.64,62,2,2.31,MN,1694961836
65,avarua,-21.2078,-159.775,21.03,83,75,1.03,CK,1694961836
66,bredasdorp,-34.5322,20.0403,15.8,55,28,6.09,ZA,1694961836
67,gadzhiyevo,69.2551,33.3362,8.58,76,100,3.36,RU,1694961837
68,ancud,-41.8697,-73.8203,7.03,78,87,1.12,CL,1694961837
69,paulden,34.8856,-112.4682,22.44,40,2,1.02,US,1694961837
70,margaret river,-33.95,115.0667,13.11,65,77,5.28,AU,1694961563
71,yuli,9.6989,10.2744,33.08,47,56,3.49,NG,1694961837
72,nova vicosa,-17.8919,-39.3719,26.81,62,38,5.08,BR,1694961838
73,invercargill,-46.4,168.35,8.9,75,86,6.26,NZ,1694961838
74,nadym,65.5333,72.5167,12.04,87,80,4.96,RU,1694961838
75,east london,-33.0153,27.9116,18.52,55,0,8.75,ZA,1694961794
76,sinop,41.7711,34.8709,14.98,81,69,3.18,TR,1694961838
77,edinburgh of the seven seas,-37.0676,-12.3116,12.66,81,38,8.39,SH,1694961838
78,villa gesell,-37.2639,-56.973,16.14,54,100,4.92,AR,1694961839
79,iskateley,67.6803,53.1512,5.98,76,5,2.64,RU,1694961839
80,west island,-12.1568,96.8225,24.99,78,40,7.72,CC,1694961839
81,dudinka,69.4058,86.1778,3.68,77,100,3.65,RU,1694961839
82,labuan bajo,-8.4964,119.8877,24.24,79,71,1.74,ID,1694961839
83,puerto baquerizo moreno,-0.9,-89.6,23.55,83,100,4.12,EC,1694961610
84,port moresby,-9.4431,147.1797,21.55,84,60,4.58,PG,1694961840
85,bethel,41.3712,-73.414,21.66,63,0,0.0,US,1694961840
86,lihue,21.9789,-159.3672,25.77,77,0,6.17,US,1694961840
87,jamestown,42.097,-79.2353,18.17,82,0,2.06,US,1694961840
88,at-bashi,41.1702,75.8106,12.96,56,62,0.48,KG,1694961841
89,wailua homesteads,22.0669,-159.378,25.44,78,0,6.17,US,1694961841
90,puerto ayora,-0.7393,-90.3518,25.98,93,89,1.34,EC,1694961841
91,sinabang,2.4803,96.3801,26.01,82,100,1.27,ID,1694961841
92,alice springs,-23.7,133.8833,16.75,25,0,0.0,AU,1694961841
93,port douglas,-16.4833,145.4667,21.62,82,85,6.12,AU,1694961841
94,colonia,50.9333,6.95,28.31,54,0,3.6,DE,1694961641
95,suva,-18.1416,178.4415,23.71,88,40,1.03,FJ,1694961607
96,lewistown,40.5992,-77.5714,13.44,97,75,0.0,US,1694961842
97,kavaratti,10.5669,72.642,27.6,80,47,4.25,IN,1694961842
98,punta arenas,-53.15,-70.9167,3.06,48,100,5.14,CL,1694961674
99,udachny,66.4167,112.4,-4.02,92,63,2.9,RU,1694961842
100,bilibino,68.0546,166.4372,4.01,67,100,1.21,RU,1694961844
101,khanbari,27.3747,87.2039,22.51,88,10,1.14,NP,1694961844
102,xicotencatl,23.0167,-98.8833,27.47,70,77,2.13,MX,1694961844
103,jiayuguan,39.8167,98.3,16.89,32,90,1.24,CN,1694961844
104,vorgashor,67.5833,63.95,4.73,80,100,4.79,RU,1694961845
105,okhotsk,59.3833,143.3,5.76,68,8,6.01,RU,1694961845
106,hilo,19.7297,-155.09,23.49,88,75,0.0,US,1694961845
107,petropavlovsk-kamchatsky,53.0452,158.6483,9.33,71,75,8.0,RU,1694961678
108,karratha,-20.7377,116.8463,23.97,69,71,5.2,AU,1694961845
109,al bawiti,28.3492,28.8659,33.85,20,0,6.31,EG,1694961845
110,juneau,58.3019,-134.4197,11.79,95,100,9.26,US,1694961846
111,walvis bay,-22.9575,14.5053,21.53,46,0,3.6,NA,1694961846
112,taoudenni,22.6783,-3.9836,44.04,12,10,6.16,ML,1694961846
113,ilulissat,69.2167,-51.1,3.01,75,40,2.06,GL,1694961846
114,greenville,35.6127,-77.3663,26.19,59,0,4.63,US,1694961846
115,ta`u,-14.2336,-169.5144,26.7,83,84,8.66,AS,1694961846
116,labytnangi,66.6572,66.4183,5.76,89,100,5.71,RU,1694961654
117,cabo san lucas,22.8909,-109.9124,29.86,70,0,0.45,MX,1694961847
118,nhamunda,-2.1861,-56.7131,37.35,31,17,3.07,BR,1694961847
119,port elizabeth,-33.918,25.5701,18.39,55,0,10.29,ZA,1694961482
120,touros,-5.1989,-35.4608,29.53,59,24,9.09,BR,1694961847
121,birao,10.2849,22.7882,25.87,81,87,0.71,CF,1694961761
122,ola,59.5833,151.2833,2.86,84,74,2.14,RU,1694961595
123,port augusta,-32.5,137.7667,21.79,18,6,5.37,AU,1694961848
124,quiberon,47.4841,-3.1196,25.06,82,6,3.39,FR,1694961848
125,nouadhibou,20.931,-17.0347,26.99,61,10,6.17,MR,1694961849
126,manturovo,58.3353,44.7619,12.49,66,78,2.18,RU,1694961849
127,ust'-kulom,61.6864,53.6902,12.06,75,100,2.04,RU,1694961849
128,aasiaat,68.7098,-52.8699,2.14,78,78,1.82,GL,1694961849
129,poxoreo,-15.8372,-54.3892,38.74,20,16,5.21,BR,1694961849
130,kainantu,-6.2887,145.8655,14.98,94,100,0.89,PG,1694961849
131,stanley,54.868,-1.6985,17.1,85,75,3.09,GB,1694961813
132,astrakhan,46.3497,48.0408,16.93,87,75,2.0,RU,1694961562
133,edson,53.5835,-116.4356,3.08,100,0,1.54,CA,1694961850
134,mayfield,36.7417,-88.6367,21.62,87,9,3.59,US,1694961850
135,kalamb,19.05,73.95,21.88,90,100,3.84,IN,1694961850
136,xuddur,4.1213,43.8894,32.65,32,92,6.58,SO,1694961850
137,saint-pierre,-21.3393,55.4781,23.82,69,40,3.6,RE,1694961655
138,ponta delgada,37.7333,-25.6667,22.88,68,75,6.17,PT,1694961851
139,flat river,37.8501,-90.5168,19.57,73,0,2.57,US,1694961851
140,paris,48.8534,2.3488,27.28,65,0,4.12,FR,1694961594
141,kingston,17.997,-76.7936,32.36,69,20,1.54,JM,1694961593
142,thompson,55.7435,-97.8558,11.09,100,40,2.06,CA,1694961851
143,cromwell,41.5951,-72.6454,22.23,68,0,2.57,US,1694961851
144,sao felix do xingu,-6.6447,-51.995,37.47,28,1,2.5,BR,1694961852
145,haapsalu,58.9431,23.5414,16.12,69,90,5.61,EE,1694961683
146,port alfred,-33.5906,26.891,17.32,68,10,2.68,ZA,1694961852
147,happy valley-goose bay,53.3168,-60.3315,13.17,94,100,5.66,CA,1694961852
148,vikulovo,56.8167,70.6107,15.06,65,90,1.89,RU,1694961852
149,hermanus,-34.4187,19.2345,14.89,68,5,4.32,ZA,1694961852
150,isafjordur,66.0755,-23.124,10.02,57,40,4.63,IS,1694961853
151,rebrikha,53.0733,82.3408,14.05,72,51,2.2,RU,1694961853
152,acapulco de juarez,16.8634,-99.8901,23.9,83,100,3.6,MX,1694961853
153,kavieng,-2.5744,150.7967,26.48,79,2,4.67,PG,1694961853
154,zabol,32.25,67.25,25.06,16,0,6.46,AF,1694961853
155,san patricio,28.017,-97.5169,27.7,63,20,3.39,US,1694961854
156,nizhnyaya salda,58.0776,60.7202,15.5,65,75,0.72,RU,1694961854
157,mahina,-17.5065,-149.489,23.87,83,40,2.57,PF,1694961854
158,haiku-pauwela,20.9219,-156.3051,24.47,85,75,5.66,US,1694961854
159,zheleznogorsk,52.331,35.3711,18.4,48,3,1.38,RU,1694961800
160,bardai,11.65,7.2333,30.21,53,90,1.83,NG,1694961855
161,maumere,-8.6199,122.2111,24.58,72,11,1.13,ID,1694961855
162,yiyang,28.5892,112.3283,26.84,74,17,2.75,CN,1694961767
163,johi,26.6921,67.6133,38.5,28,67,1.34,PK,1694961855
164,montevallo,33.1007,-86.8642,25.43,88,40,1.54,US,1694961855
165,kebili,33.7044,8.969,38.37,15,0,4.24,TN,1694961855
166,hamilton,39.1834,-84.5333,21.23,79,75,1.54,US,1694961796
167,tolanaro,-25.0319,46.9987,27.04,65,20,6.17,MG,1694961856
168,quiindy,-25.9667,-57.2667,34.46,34,0,7.09,PY,1694961856
169,vadakku valliyur,8.3833,77.65,26.0,81,100,4.12,IN,1694961856
170,argo,37.6333,22.7333,27.66,40,91,2.73,GR,1694961856
171,dunedin,-45.8742,170.5036,10.45,56,46,2.68,NZ,1694961856
172,agaie,9.0167,6.3167,29.73,71,100,1.36,NG,1694961857
173,ugoofaaru,5.6667,73.0,27.6,76,94,4.47,MV,1694961857
174,hadibu,12.65,54.0333,27.65,73,15,6.21,YE,1694961857
175,yinchuan,38.4681,106.2731,22.54,35,100,2.51,CN,1694961510
176,samamiya,11.3487,9.6399,34.61,35,36,3.48,NG,1694961857
177,hawaiian paradise park,19.5933,-154.9731,22.24,99,75,0.0,US,1694961857
178,vanino,49.0869,140.2543,12.92,66,100,1.35,RU,1694961858
179,stara syniava,49.6032,27.6191,23.37,32,0,3.87,UA,1694961858
180,college,64.8569,-147.8028,7.99,81,100,2.57,US,1694961571
181,trairi,-3.2778,-39.2689,32.08,43,8,7.81,BR,1694961858
182,camocim,-2.9022,-40.8411,33.1,46,6,6.18,BR,1694961859
183,izobil'nyy,45.3709,41.7084,19.58,50,75,3.26,RU,1694961859
184,ca mau,9.1769,105.15,25.67,88,37,1.66,VN,1694961859
185,yaren,-0.5472,166.916,27.21,83,100,8.32,NR,1694961859
186,shimoda,34.6667,138.95,25.61,89,9,3.83,JP,1694961859
187,tazacorte,28.629,-17.9293,25.54,71,40,6.69,ES,1694961860
188,lubumbashi,-11.6609,27.4794,32.86,12,8,2.54,CD,1694961860
189,nar'yan-mar,67.6713,53.087,6.05,76,5,2.66,RU,1694961860
190,bodo,67.28,14.405,10.02,76,40,5.66,NO,1694961860
191,kudahuvadhoo,2.6708,72.8944,28.62,75,59,6.22,MV,1694961860
192,pisco,-13.7,-76.2167,20.03,77,76,2.57,PE,1694961860
193,saint-francois,46.4154,3.9054,28.15,54,0,4.63,FR,1694961861
194,zaozersk,69.4005,32.4476,8.11,83,100,2.76,RU,1694961861
195,bolobo,-2.1667,16.2333,28.2,65,92,1.95,CD,1694961861
196,yelizovo,53.1873,158.3805,10.08,71,75,8.05,RU,1694961861
197,tura,25.5198,90.2201,24.89,89,37,1.4,IN,1694961861
198,tutoia,-2.7619,-42.2744,30.56,54,6,7.27,BR,1694961861
199,coquimbo,-29.9533,-71.3436,12.85,94,100,2.06,CL,1694961862
200,xuanzhou,30.9525,118.7553,24.02,85,3,2.16,CN,1694961862
201,estevan,49.1334,-102.9842,15.19,87,0,3.09,CA,1694961862
202,klyuchi,52.2667,79.1667,15.08,67,48,2.21,RU,1694961863
203,nanpiao,41.0982,120.7479,19.07,90,79,2.3,CN,1694961863
204,kuraymah,18.55,31.85,40.62,10,1,4.25,SD,1694961863
205,stenungsund,58.0705,11.8181,20.14,72,13,4.29,SE,1694961863
206,necochea,-38.5473,-58.7368,12.48,52,98,6.19,AR,1694961863
207,rongelap,11.1635,166.8941,28.82,78,100,7.71,MH,1694961864
208,guliston,40.4897,68.7842,22.52,25,37,3.94,UZ,1694961864
209,lata,40.1629,-8.3327,19.9,76,98,4.59,PT,1694961864
210,chaoyang,41.5703,120.4586,19.3,88,99,1.61,CN,1694961864
211,la ronge,55.1001,-105.2842,13.14,71,20,2.57,CA,1694961864
212,musoma,-1.5,33.8,24.59,65,50,3.67,TZ,1694961864
213,mount gambier,-37.8333,140.7667,10.92,93,98,1.41,AU,1694961865
214,la passe,45.5549,-0.8967,25.13,76,100,5.21,FR,1694961865
215,mhlume,-26.0333,31.85,21.47,71,99,3.99,SZ,1694961865
216,howard springs,-12.497,131.047,24.95,70,30,3.82,AU,1694961865
217,zeya,53.75,127.2667,9.04,98,100,1.02,RU,1694961866
218,praia da vitoria,38.7333,-27.0667,23.14,53,75,5.84,PT,1694961866
219,entebbe,0.0644,32.4469,25.02,64,18,3.69,UG,1694961866
220,kitee,62.1,30.15,9.76,90,100,6.6,FI,1694961866
221,yantzaza,-3.8278,-78.7594,28.68,48,55,1.03,EC,1694961867
222,yellowknife,62.456,-114.3525,11.9,97,100,4.12,CA,1694961867
223,quellon,-43.1167,-73.6167,7.79,66,6,3.26,CL,1694961867
224,fiano romano,42.1595,12.5942,32.47,45,100,0.89,IT,1694961867
225,port saint john's,-31.6229,29.5448,18.8,51,21,4.88,ZA,1694961867
226,lebu,-37.6167,-73.65,9.93,60,6,2.73,CL,1694961867
227,chanika,-5.4167,38.0167,25.19,55,86,5.81,TZ,1694961868
228,laguna,38.421,-121.4238,16.83,83,0,4.12,US,1694961868
229,paita,-5.0892,-81.1144,22.74,72,87,5.52,PE,1694961813
230,richards bay,-28.783,32.0377,17.44,72,100,1.87,ZA,1694961574
231,coahuayana de hidalgo,18.7,-103.6583,26.86,80,97,1.46,MX,1694961868
232,tulun,54.5611,100.5792,9.86,74,8,1.74,RU,1694961868
233,tucuma,-0.1833,-50.05,33.09,48,16,4.8,BR,1694961869
234,katsuura,35.1333,140.3,26.45,88,5,6.43,JP,1694961612
235,ghat,24.9647,10.1728,34.78,8,0,3.21,LY,1694961781
236,isla mujeres,21.2311,-86.731,30.09,67,5,1.84,MX,1694961869
237,jiangyou,31.7667,104.7167,22.41,87,100,1.57,CN,1694961869
238,lazaro cardenas,17.9583,-102.2,26.18,83,98,2.43,MX,1694961869
239,san angelo,31.4638,-100.437,24.41,79,0,1.54,US,1694961870
240,gornopravdinsk,60.05,69.9,13.37,80,84,2.25,RU,1694961870
241,enriquillo,17.9,-71.2333,28.82,66,90,4.67,DO,1694961870
242,jacmel,18.2342,-72.5347,30.91,63,82,2.69,HT,1694961870
243,claveria,18.6074,121.0832,26.86,88,71,3.28,PH,1694961870
244,vilyuysk,63.7553,121.6247,0.72,98,100,4.01,RU,1694961870
245,kiruna,67.8557,20.2251,5.51,65,20,2.57,SE,1694961871
246,hasaki,35.7333,140.8333,26.27,87,23,7.16,JP,1694961871
247,san julian,21.0167,-102.1667,18.5,65,52,2.17,MX,1694961871
248,freetown,8.484,-13.2299,27.92,74,70,5.79,SL,1694961871
249,akureyri,65.6835,-18.0878,9.96,76,75,4.12,IS,1694961765
250,pavilosta,56.8879,21.1859,17.95,82,63,6.54,LV,1694961871
251,qarazhal,48.0078,70.7903,18.29,39,100,4.5,KZ,1694961871
252,ridder,50.355,83.5133,7.72,90,90,1.7,KZ,1694961872
253,kisaran,2.9845,99.6158,25.06,93,100,0.37,ID,1694961872
254,sao gabriel da cachoeira,-0.1303,-67.0892,27.89,78,75,1.54,BR,1694961872
255,plastun,44.7561,136.2939,15.49,96,100,1.72,RU,1694961872
256,lundazi,-12.2929,33.1782,28.94,19,10,5.88,ZM,1694961872
257,tocopilla,-22.092,-70.1979,20.41,65,5,1.91,CL,1694961872
258,torghay,49.6339,63.4981,17.88,50,99,3.09,KZ,1694961873
259,santa marta,11.2408,-74.199,31.03,74,20,4.12,CO,1694961744
260,sabang,5.8933,95.3214,28.55,75,16,4.75,ID,1694961873
261,susuman,62.7833,148.1667,-0.46,86,81,2.31,RU,1694961873
262,harnosand,62.6323,17.9379,14.01,48,12,3.77,SE,1694961601
263,mount pearl,47.5166,-52.7813,23.19,88,75,5.14,CA,1694961873
264,lesosibirsk,58.2358,92.4828,13.84,84,15,0.75,RU,1694961874
265,betio village,1.358,172.9211,27.02,76,100,7.18,KI,1694961874
266,aars,56.804,9.5144,20.44,74,62,5.54,DK,1694961874
267,murzuq,25.9155,13.9184,34.29,11,1,4.34,LY,1694961874
268,atafu village,-8.5421,-172.5159,28.28,80,10,6.94,TK,1694961874
269,porvoo,60.3923,25.6651,15.31,80,21,4.61,FI,1694961874
270,wau,7.7029,27.9953,23.66,94,82,3.63,SS,1694961875
271,vadso,70.0744,29.7487,8.09,93,75,2.57,NO,1694961875
272,klaksvik,62.2266,-6.589,11.51,89,85,9.62,FO,1694961603
273,arraial do cabo,-22.9661,-42.0278,27.98,65,0,6.69,BR,1694961875
274,cabanas,22.9758,-82.9219,30.34,62,28,1.68,CU,1694961875
275,muroto-misakicho,33.2833,134.15,27.24,78,3,1.54,JP,1694961875
276,kittila,67.6647,24.8936,5.34,93,75,5.14,FI,1694961876
277,salekhard,66.53,66.6019,5.15,92,100,7.01,RU,1694961876
278,pasuquin,18.3328,120.6177,26.97,89,75,1.54,PH,1694961876
279,kulebaki,55.4133,42.5325,13.01,62,13,0.87,RU,1694961876
280,quillacollo,-17.4,-66.2833,23.04,18,20,2.68,BO,1694961876
281,qarauyl,48.9451,79.255,12.78,73,51,3.06,KZ,1694961877
282,shamakhi,40.6314,48.6414,19.09,64,74,2.21,AZ,1694961877
283,santo antonio do ica,-3.1022,-67.9397,35.42,42,13,0.91,BR,1694961877
284,dapa,9.7594,126.0531,28.13,77,88,3.52,PH,1694961877
285,aoulef,26.9667,1.0833,43.09,6,8,4.39,DZ,1694961877
286,carrizo springs,28.5219,-99.8606,27.34,73,100,1.54,US,1694961877
287,loch garman,52.3342,-6.4575,15.5,100,100,4.47,IE,1694961878
288,childress,34.4264,-100.204,20.51,94,0,2.44,US,1694961878
289,balakhta,55.38,91.6,11.65,79,28,1.83,RU,1694961878
290,ust-nera,64.5667,143.2,1.66,78,90,0.33,RU,1694961878
291,port macquarie,-31.4333,152.9167,11.05,73,0,3.19,AU,1694961878
292,usinsk,65.9939,57.5281,6.31,68,89,2.18,RU,1694961878
293,namtsy,62.7161,129.6658,1.6,69,100,1.63,RU,1694961879
294,chonchi,-42.6128,-73.8092,7.84,75,18,1.77,CL,1694961879
295,balabac,7.9868,117.0645,27.95,78,12,3.54,PH,1694961879
296,urangan,-25.3,152.9,19.09,76,1,3.1,AU,1694961879
297,qarah bagh,34.9402,61.7759,20.99,21,0,8.4,AF,1694961879
298,samba,32.5667,75.1167,25.91,79,11,0.87,IN,1694961879
299,kalifornsky,60.4183,-151.29,8.55,97,100,0.0,US,1694961880
300,sierra grande,-41.606,-65.3557,11.61,34,7,5.08,AR,1694961880
301,newman,37.3138,-121.0208,16.81,86,8,0.45,US,1694961880
302,vetluzhskiy,58.3902,45.4654,12.25,68,56,2.11,RU,1694961880
303,kayangel,8.0823,134.7173,27.55,78,98,2.65,PW,1694961880
304,antsiranana,-12.2787,49.2917,27.42,54,20,5.14,MG,1694961880
305,antalaha,-14.9003,50.2788,23.58,75,76,3.74,MG,1694961881
306,alness,57.696,-4.2551,15.87,87,91,4.74,GB,1694961881
307,seydi,39.4816,62.9137,23.18,17,0,5.33,TM,1694961881
308,peace river,56.2501,-117.286,7.17,93,75,2.57,CA,1694961881
309,geraldton,-28.7667,114.6,12.23,82,0,4.63,AU,1694961881
310,bafoulabe,13.8065,-10.8321,32.37,57,95,1.8,ML,1694961881
311,calvinia,-31.4707,19.776,17.72,29,0,2.17,ZA,1694961882
312,anacapri,40.5558,14.2136,27.9,65,0,1.54,IT,1694961882
313,faya-largeau,17.9257,19.1043,38.94,9,0,5.74,TD,1694961882
314,tazovsky,67.4667,78.7,7.18,81,100,9.27,RU,1694961882
315,fale old settlement,-9.3852,-171.2468,28.18,80,72,7.51,TK,1694961883
316,sosnovo-ozerskoye,52.5249,111.5418,9.37,86,99,1.59,RU,1694961883
317,tarakan,3.3,117.6333,27.74,78,98,3.15,ID,1694961883
318,nikolayevsk-on-amure,53.1406,140.73,7.73,78,95,0.43,RU,1694961883
319,holualoa,19.6228,-155.9522,23.21,73,65,2.24,US,1694961883
320,mildura,-34.2,142.15,19.48,38,88,6.34,AU,1694961883
321,kapuskasing,49.4169,-82.4331,11.05,93,100,4.63,CA,1694961884
322,vorkuta,67.5,64.0,4.95,79,100,4.89,RU,1694961884
323,jijiga,9.35,42.8,24.48,51,64,2.68,ET,1694961649
324,sitka,57.0531,-135.33,12.94,82,100,9.26,US,1694961884
325,mocoa,1.1493,-76.6466,27.47,75,97,0.45,CO,1694961884
326,konjic,43.6519,17.9614,29.49,56,91,0.33,BA,1694961884
327,papao,-17.75,-149.55,23.82,83,9,4.61,PF,1694961885
328,bayanhongor,46.7167,100.1167,1.24,86,99,2.03,MN,1694961885
329,pacific grove,36.6177,-121.9166,16.06,88,40,0.89,US,1694961885
330,daru,-9.0763,143.2092,23.85,77,8,6.06,PG,1694961885
331,ayyampettai,10.9014,79.1798,27.14,81,92,6.56,IN,1694961885
332,georgetown,5.4112,100.3354,28.86,89,20,1.54,MY,1694961885
333,lehigh acres,26.6254,-81.6248,32.23,75,42,1.34,US,1694961885
334,quilali,13.567,-86.026,27.07,75,77,2.11,NI,1694961886
335,zhosaly,45.4878,64.0781,21.9,24,100,4.46,KZ,1694961878
336,macau,22.2006,113.5461,28.89,94,40,3.09,MO,1694961788
337,perevoz,55.5961,44.5446,12.71,65,24,0.9,RU,1694961886
338,chambishi,-12.6325,28.0537,32.36,11,19,2.42,ZM,1694961886
339,bay city,43.5945,-83.8889,17.18,90,100,4.63,US,1694961887
340,la junta,37.985,-103.5438,13.16,76,0,4.12,US,1694961887
341,qiancheng,27.185,109.7654,25.01,82,67,0.94,CN,1694961887
342,kailua-kona,19.6406,-155.9956,25.28,75,63,2.24,US,1694961887
343,byron bay,-28.65,153.6167,13.73,87,6,4.18,AU,1694961887
344,lexington park,38.2668,-76.4538,25.91,60,75,4.12,US,1694961888
345,ciudad melchor muzquiz,27.8833,-101.5167,25.73,62,37,1.84,MX,1694961888
346,turpan,42.9333,89.1667,25.68,25,93,1.2,CN,1694961888
347,pahrump,36.2083,-115.9839,19.03,24,5,1.52,US,1694961889
348,prince george,53.9166,-122.753,7.01,96,40,3.09,CA,1694961889
349,port lincoln,-34.7333,135.8667,14.32,86,97,4.95,AU,1694961889
350,margate,51.3813,1.3862,21.06,81,100,2.24,GB,1694961736
351,callaway,30.153,-85.5699,26.62,94,75,1.54,US,1694961889
352,antonio enes,-16.2325,39.9086,25.69,76,1,6.9,MZ,1694961889
353,tibanbang,6.6315,126.1055,26.48,83,97,0.22,PH,1694961890
354,fort mcmurray,56.7268,-111.381,7.77,100,0,3.09,CA,1694961890
355,del rio,29.3627,-100.8968,26.06,67,100,2.57,US,1694961890
356,katzrin,32.992,35.6877,30.77,35,0,7.2,IL,1694961890
357,gopamau,27.55,80.2833,27.89,81,100,3.09,IN,1694961890
358,albertina,-22.2008,-46.6158,32.59,26,0,0.86,BR,1694961890
359,mamuju,-2.6748,118.8885,25.9,85,97,1.39,ID,1694961891
360,kone,-21.0595,164.8658,19.39,89,15,2.03,NC,1694961891
361,yuzhno-kurilsk,44.0306,145.8556,17.75,99,100,4.12,RU,1694961891
362,bhadasar,28.2833,74.3167,30.87,60,44,6.75,IN,1694961891
363,nampula,-15.1165,39.2666,31.97,27,40,0.0,MZ,1694961891
364,kiunga,-6.1219,141.2906,19.98,93,48,1.57,PG,1694961892
365,saldanha,-33.0117,17.9442,17.03,62,0,5.54,ZA,1694961892
366,patna,25.6,85.1167,31.96,84,75,3.09,IN,1694961240
367,puerto aysen,-45.4,-72.7,5.08,87,65,1.62,CL,1694961892
368,cidreira,-30.1811,-50.2056,24.72,59,0,2.46,BR,1694961892
369,zhezqazghan,47.7833,67.7667,18.36,38,100,4.91,KZ,1694961893
370,benjamin constant,-4.3831,-70.0311,27.07,83,20,2.57,BR,1694961893
371,mhamid,29.82,-5.72,25.31,51,100,10.01,MA,1694961893
372,oranjemund,-28.55,16.4333,15.76,61,0,10.97,NA,1694961893
373,pangody,65.85,74.4859,11.42,81,90,5.45,RU,1694961893
374,lu-uk,5.9684,121.3122,26.28,83,97,0.49,PH,1694961893
375,akranes,64.3218,-22.0749,10.03,72,87,7.31,IS,1694961893
376,palikir - national government center,6.9248,158.1611,23.41,94,100,1.54,FM,1694961881
377,batticaloa,7.7102,81.6924,27.0,77,100,6.61,LK,1694961894
378,serik,36.9169,31.0989,33.14,38,39,2.63,TR,1694961659
379,sarlat-la-caneda,44.889,1.2166,30.24,43,100,4.02,FR,1694961687
380,velyka pysarivka,50.4259,35.485,21.07,39,3,1.69,UA,1694961894
381,afaahiti,-17.75,-149.2833,22.93,88,43,5.9,PF,1694961895
382,vila velha,-20.3297,-40.2925,27.97,77,40,5.14,BR,1694961895
383,luena,-11.7833,19.9167,35.29,10,32,2.33,AO,1694961895
384,exu,-7.5119,-39.7242,32.79,25,0,4.67,BR,1694961895
385,dakhla,23.6848,-15.958,26.01,61,5,9.77,EH,1694961895
386,galliano,29.4422,-90.2992,28.33,61,0,3.09,US,1694961896
387,cam ranh,11.9214,109.1591,27.98,78,40,2.06,VN,1694961896
388,dompu,-8.5356,118.4622,22.57,88,82,1.02,ID,1694961896
389,keelung,25.1283,121.7419,27.83,85,0,2.63,TW,1694961768
390,banda aceh,5.5577,95.3222,26.73,81,29,3.19,ID,1694961896
391,cole harbour,44.6724,-63.4751,17.76,88,100,8.23,CA,1694961897
392,korsakov,46.6328,142.7813,17.91,96,100,3.11,RU,1694961897
393,fengcheng,40.4536,124.0717,18.36,95,68,1.24,CN,1694961897
394,al mindak,20.1588,41.2834,31.78,31,70,2.52,SA,1694961897
395,nantucket,41.2835,-70.0995,23.03,68,0,6.17,US,1694961897
396,kantang,7.4054,99.5156,26.1,82,31,0.7,TH,1694961898
397,china,25.7,-99.2333,28.49,61,60,1.8,MX,1694961699
398,shahr-e babak,30.1165,55.1186,27.84,18,56,2.67,IR,1694961660
399,alesund,62.4723,6.1549,16.06,67,0,4.12,NO,1694961608
400,keflavik,64.0049,-22.5624,9.95,87,75,7.2,IS,1694961899
401,portland,45.5234,-122.6762,13.19,87,0,0.0,US,1694961899
402,kabansk,52.0486,106.6528,11.17,77,75,2.44,RU,1694961899
403,qamdo,31.1667,97.2333,4.97,90,99,1.76,CN,1694961899
404,walcourt,50.2539,4.4352,24.25,77,40,2.57,BE,1694961899
405,niamey,13.5137,2.1098,33.16,52,40,3.09,NE,1694961683
406,barranquilla,10.9639,-74.7964,29.88,84,20,2.06,CO,1694961840
407,masvingo,-20.0637,30.8277,27.76,29,0,5.49,ZW,1694961900
408,nizhniy odes,63.6445,54.856,8.43,96,100,1.75,RU,1694961900
409,kalispell,48.1958,-114.3129,4.02,93,0,0.0,US,1694961900
410,la'ie,21.6477,-157.9253,26.98,76,7,2.68,US,1694961900
411,morant bay,17.8815,-76.4093,32.62,66,51,3.04,JM,1694961900
412,al ain city,24.1917,55.7606,38.79,29,0,3.6,AE,1694961795
413,emerald,-23.5333,148.1667,16.86,62,0,3.52,AU,1694961901
414,brokopondo,4.75,-55.1667,31.67,51,54,1.16,SR,1694961901
415,smithers,54.7804,-127.1743,8.18,76,75,2.57,CA,1694961901
416,bima,-8.4667,118.7167,22.63,89,22,1.65,ID,1694961901
417,epernon,48.6103,1.6722,27.93,68,100,4.02,FR,1694961902
418,malango,-2.9627,119.9001,19.71,99,75,0.38,ID,1694961902
419,san luis de la loma,17.2706,-100.8939,27.43,77,98,0.93,MX,1694961902
420,arenys de mar,41.5819,2.5494,31.68,81,1,1.34,ES,1694961902
421,pathein,16.7833,94.7333,24.11,95,100,2.38,MM,1694961903
422,dolores,-36.3132,-57.6792,17.1,52,98,2.55,AR,1694961903
423,magadan,59.5667,150.8,2.52,82,61,3.5,RU,1694961830
424,kotlas,61.2611,46.6556,15.59,56,100,4.47,RU,1694961903
425,circleville,39.6006,-82.946,19.63,93,40,0.0,US,1694961903
426,gustavia,17.8962,-62.8498,32.53,73,96,3.13,BL,1694961903
427,ulan bator,47.9077,106.8832,8.07,76,75,3.0,MN,1694961903
428,saudarkrokur,65.7461,-19.6394,9.66,75,94,2.84,IS,1694961904
429,nurlat,54.4277,50.8051,16.32,50,8,2.98,RU,1694961904
430,estacion santa engracia,24.0159,-99.2015,27.58,63,71,2.49,MX,1694961904
431,escanaba,45.7453,-87.0646,15.54,88,0,3.6,US,1694961904
432,lagoa,39.05,-27.9833,19.88,63,89,4.56,PT,1694961904
433,arica,-18.475,-70.3042,20.13,64,75,1.03,CL,1694961736
434,tahe,52.3333,124.7333,7.3,99,100,0.62,CN,1694961905
435,emporia,38.4039,-96.1817,18.83,82,0,0.0,US,1694961905
436,luanda,-8.8368,13.2343,26.0,69,20,4.63,AO,1694961905
437,bijie,27.3125,105.2942,17.94,94,80,1.47,CN,1694961905
438,al kharijah,25.4514,30.5464,35.27,16,0,5.31,EG,1694961905
439,zhalantun,48.0,122.7167,11.25,91,100,1.43,CN,1694961905
440,vereshchagino,58.0789,54.6557,13.41,75,62,2.23,RU,1694961906
441,dabou,5.3256,-4.3769,25.97,82,67,4.64,CI,1694961906
442,samana,19.2056,-69.3369,29.12,84,40,2.06,DO,1694961906
443,yemetsk,63.4721,41.7941,13.47,70,100,4.14,RU,1694961906
444,amlapura,-8.45,115.6167,24.62,83,63,3.7,ID,1694961906
445,oum hadjer,13.2954,19.6966,36.58,26,9,3.53,TD,1694961906
446,aquiraz,-3.9014,-38.3911,32.05,51,3,7.68,BR,1694961907
447,kapa'a,22.0752,-159.319,26.18,77,0,6.17,US,1694961907
448,brookings,44.3114,-96.7984,12.92,80,0,0.4,US,1694961907
449,dubovskoye,47.4092,42.7575,18.64,53,99,2.53,RU,1694961907
450,algona,43.07,-94.233,15.07,100,0,3.6,US,1694961907
451,cobija,-11.0267,-68.7692,32.1,58,6,2.06,BO,1694961908
452,sola,-13.8833,167.55,25.8,81,64,8.11,VU,1694961908
453,soio,-6.1349,12.3689,25.06,78,95,3.56,AO,1694961908
454,yeppoon,-23.1333,150.7333,16.88,69,15,5.24,AU,1694961908
455,khmilnyk,49.5598,27.9575,23.52,30,0,3.92,UA,1694961908
456,pajok,3.8651,32.4821,27.78,67,67,0.9,SS,1694961909
457,grand-lahou,5.1367,-5.0242,26.62,78,69,4.37,CI,1694961909
458,kokkola,63.8385,23.1307,12.24,71,100,6.69,FI,1694961909
459,lompoc,34.6391,-120.4579,17.79,59,89,2.68,US,1694961909
460,zyryanovsk,49.7386,84.2719,10.29,75,25,0.47,KZ,1694961909
461,labrador city,52.9463,-66.9114,10.95,87,100,5.14,CA,1694961910
462,nadvoitsy,63.8667,34.3167,12.02,86,100,6.81,RU,1694961910
463,st. john's,47.5649,-52.7093,23.66,88,75,5.14,CA,1694961857
464,usogorsk,63.4106,48.6872,10.67,94,100,2.12,RU,1694961808
465,nelson bay,-32.7167,152.15,18.33,94,0,1.79,AU,1694961910
466,axim,4.8699,-2.2405,26.84,76,100,4.47,GH,1694961911
467,gorontalo,0.5412,123.0595,24.6,90,99,2.57,ID,1694961911
468,amalapuram,16.5833,82.0167,27.23,82,100,1.42,IN,1694961911
469,sarandi del yi,-33.35,-55.6333,18.13,75,95,6.81,UY,1694961911
470,deniliquin,-35.5333,144.9667,16.06,41,2,3.72,AU,1694961911
471,oranjestad,12.524,-70.027,30.97,66,40,8.23,AW,1694961912
472,minas de marcona,-15.2119,-75.1103,18.24,64,90,3.91,PE,1694961912
473,marakkanam,12.2,79.95,25.51,94,100,3.41,IN,1694961912
474,topchikha,52.8192,83.1185,13.93,77,55,1.6,RU,1694961912
475,chittaurgarh,24.8833,74.6333,23.88,94,100,1.45,IN,1694961912
476,ibshaway,29.358,30.6814,35.34,21,0,5.45,EG,1694961912
477,gizo,-8.103,156.8419,26.23,82,57,5.34,SB,1694961913
478,codrington,-38.2667,141.9667,11.52,93,100,0.68,AU,1694961913
479,kuchaiburi,22.2667,86.1667,26.67,81,63,1.61,IN,1694961913
480,aykhal,66.0,111.5,-4.28,99,49,3.11,RU,1694961913
481,fort st. john,56.2499,-120.8529,9.94,53,20,5.66,CA,1694961914
482,worgl,47.4833,12.0667,28.9,56,100,1.12,AT,1694961914
483,prince rupert,54.3161,-130.3201,13.05,94,100,16.98,CA,1694961914
484,al ghayzah,16.2079,52.176,29.26,79,95,3.58,YE,1694961914
485,tado,5.266,-76.5649,23.9,79,98,1.29,CO,1694961620
486,ankang,32.68,109.0172,22.62,95,100,1.39,CN,1694961914
487,canton,23.1167,113.25,28.97,75,9,2.28,CN,1694961915
488,aswan,24.0934,32.907,39.61,13,0,0.0,EG,1694961915
489,salinopolis,-0.6136,-47.3561,29.87,65,0,6.34,BR,1694961915
490,posto fiscal rolim de moura,-13.0833,-62.2667,38.91,23,2,2.57,BR,1694961915
491,weno,7.4515,151.8468,24.97,88,75,1.54,FM,1694961915
492,la banda,-27.7335,-64.2428,27.28,32,0,5.28,AR,1694961915
493,castillos,-34.1667,-53.8333,15.47,84,36,4.75,UY,1694961916
494,whitehorse,60.7161,-135.0538,8.43,71,75,6.69,CA,1694961916
495,fasa,28.9383,53.6482,35.58,10,0,4.12,IR,1694961916
496,cartagena del chaira,1.3349,-74.8429,24.49,83,92,0.23,CO,1694961916
497,adilcevaz,38.8039,42.7342,21.26,41,21,1.52,TR,1694961916
498,bhimunipatnam,17.8833,83.4333,27.73,78,100,0.6,IN,1694961917
499,torbat-e jam,35.244,60.6225,21.0,23,0,5.94,IR,1694961917
500,antsohihy,-14.8796,47.9875,26.93,60,56,3.61,MG,1694961917
501,mundri,-6.9558,111.71,26.34,67,52,4.06,ID,1694961917
502,ribeira brava,32.65,-17.0667,23.89,59,91,2.35,PT,1694961917
503,kodinsk,58.6881,99.1844,13.27,70,85,0.69,RU,1694961917
504,thinadhoo,0.5333,72.9333,28.13,78,8,6.2,MV,1694961918
505,el granada,37.5027,-122.4694,17.41,89,40,0.0,US,1694961918
506,tateyama,34.9833,139.8667,27.83,87,4,6.64,JP,1694961918
507,tumwater,47.0073,-122.9093,14.51,81,20,2.57,US,1694961918
508,tukrah,32.5341,20.5791,26.19,71,5,5.99,LY,1694961919
509,priozersk,61.0393,30.1291,13.89,91,74,6.72,RU,1694961919
510,vuktyl,63.8567,57.3094,8.01,92,100,0.14,RU,1694961919
511,christchurch,-43.5333,172.6333,12.4,40,2,4.63,NZ,1694961919
512,itoman,26.1247,127.6694,26.43,96,75,6.17,JP,1694961919
513,humberto de campos,-2.5983,-43.4611,34.18,40,5,5.38,BR,1694961919
514,phetchaburi,12.9667,99.5833,23.97,90,96,1.32,TH,1694961919
515,dourbali,11.8091,15.8632,33.73,45,99,1.01,TD,1694961920
516,palmer,42.1584,-72.3287,21.43,60,0,1.34,US,1694961920
517,manicore,-5.8092,-61.3003,27.97,78,20,2.06,BR,1694961920
518,inhambane,-23.865,35.3833,22.99,73,75,9.39,MZ,1694961920
519,aras-asan,8.8908,126.3033,26.08,86,90,0.55,PH,1694961920
520,mbabane,-26.3167,31.1333,14.24,89,97,2.6,SZ,1694961725
521,akropong,5.9746,-0.0854,26.53,74,100,3.77,GH,1694961921
522,alofi,-19.0595,-169.9187,22.94,73,49,5.66,NU,1694961921
523,rouissat,31.9243,5.3502,41.04,10,0,5.14,DZ,1694961921
524,bengkulu,-3.8004,102.2655,23.1,95,17,2.62,ID,1694961921
525,megion,61.0296,76.1136,13.01,76,98,2.82,RU,1694961921
526,kharp,66.8014,65.8081,5.26,94,100,3.66,RU,1694961922
527,al jawf,29.5,38.75,34.89,13,0,3.38,SA,1694961922
528,la paz,-16.5,-68.15,13.99,43,6,2.68,BO,1694961804
529,lodwar,3.1191,35.5973,35.06,26,37,4.68,KE,1694961922
530,san juan del sur,11.2529,-85.8705,27.12,89,75,0.0,NI,1694961922
531,linhares,-19.3911,-40.0722,26.77,65,92,3.23,BR,1694961922
532,cromer,52.9312,1.2989,19.82,68,100,5.36,GB,1694961734
533,kotputli,27.7167,76.2,25.48,83,35,5.13,IN,1694961923
534,las heras,-46.5419,-68.9359,1.93,85,100,4.91,AR,1694961923
535,mogocha,53.7333,119.7667,7.1,95,100,1.34,RU,1694961923
536,reggane,26.7158,0.1714,44.25,6,28,3.07,DZ,1694961923
537,goias,-15.5807,-49.6362,35.19,25,22,3.4,BR,1694961923
538,tiruchchendur,8.4833,78.1167,27.16,80,100,9.7,IN,1694961924
539,belyy yar,53.6039,91.3903,10.94,76,0,0.0,RU,1694961924
540,sarai,53.7458,41.0213,17.04,60,17,1.13,RU,1694961924
541,nogliki,51.8333,143.1667,9.49,63,95,1.29,RU,1694961924
542,escarcega,18.6089,-90.7454,31.02,54,4,2.26,MX,1694961924
543,bonthe,7.5264,-12.505,28.14,72,99,5.54,SL,1694961925
544,acajutla,13.5928,-89.8275,29.84,65,100,1.63,SV,1694961925
545,recea,47.6333,23.5167,26.78,53,75,2.68,RO,1694961925
546,energetik,51.7445,58.7934,16.58,60,40,2.71,RU,1694961925
547,nago,26.5881,127.9761,26.47,84,100,2.75,JP,1694961925
548,san miguel de tucuman,-26.8241,-65.2226,23.0,40,0,3.6,AR,1694961925
549,nuuk,64.1835,-51.7216,3.34,70,75,1.03,GL,1694961926
550,nova sintra,14.8667,-24.7167,22.54,73,26,5.77,CV,1694961926
551,vadlamuru,17.0954,82.1656,31.16,70,96,2.76,IN,1694961926
552,gladewater,32.5365,-94.9427,26.13,53,0,2.06,US,1694961926
553,kigorobya,1.6162,31.3089,24.56,66,54,0.74,UG,1694961926
554,souillac,-20.5167,57.5167,24.21,73,40,3.6,MU,1694961926
555,mocorito,25.4833,-107.9167,27.34,70,0,0.99,MX,1694961927
556,collie,-33.3667,116.15,6.2,93,0,1.0,AU,1694961927
557,basco,20.4487,121.9702,28.96,75,94,5.63,PH,1694961927
558,luderitz,-26.6481,15.1594,19.41,48,0,11.45,NA,1694961927
559,solwezi,-12.1688,26.3894,32.15,14,8,3.05,ZM,1694961927
560,kourou,5.1552,-52.6478,32.03,57,91,5.25,GF,1694961927
561,igarka,67.4667,86.5833,5.32,67,100,3.06,RU,1694961927
562,vila do maio,15.1333,-23.2167,29.44,70,100,4.35,CV,1694961928
563,bassila,9.0081,1.6654,25.26,84,100,2.95,BJ,1694961791
564,koungheul,13.9833,-14.8,30.99,62,84,1.51,SN,1694961928
565,sotnikovskoye,45.0039,43.7772,15.19,70,65,2.7,RU,1694961928
566,muslyumovo,55.3033,53.1947,16.66,59,10,2.43,RU,1694961928
567,kingaroy,-26.5333,151.8333,10.67,96,0,1.01,AU,1694961928
568,waddan,29.1614,16.139,34.12,10,0,4.01,LY,1694961928
569,acarau,-2.8856,-40.12,32.04,50,7,8.07,BR,1694961929
570,masuguru,-11.3667,38.4167,34.4,23,10,2.25,TZ,1694961929
